{"cameraMode":{"drawMode":0,"name":"Shaded","section":"Shading Mode"},"sceneLighting":true,"audioPlay":false,"sceneViewState":{"m_AlwaysRefresh":false,"showFog":true,"showSkybox":true,"showFlares":true,"showImageEffects":true,"showParticleSystems":true,"showVisualEffectGraphs":true,"m_FxEnabled":true},"in2DMode":false,"pivot":{"x":-0.4143166244029999,"y":4.3364033699035648,"z":-5.281891822814941},"rotation":{"x":-0.4338940382003784,"y":0.004139804746955633,"z":-0.001994453137740493,"w":-0.9009645581245422},"size":6.1392107009887699,"orthographic":false}