{"cameraMode":{"drawMode":0,"name":"Shaded","section":"Shading Mode"},"sceneLighting":true,"audioPlay":false,"sceneViewState":{"m_AlwaysRefresh":false,"showFog":true,"showSkybox":true,"showFlares":true,"showImageEffects":true,"showParticleSystems":true,"showVisualEffectGraphs":true,"m_FxEnabled":true},"in2DMode":false,"pivot":{"x":0.6634516716003418,"y":-10.749340057373047,"z":2.3640809059143068},"rotation":{"x":0.003278148826211691,"y":0.9073438048362732,"z":-0.42031827569007876,"w":0.007075976580381393},"size":24.897748947143556,"orthographic":false}