{"cameraMode":{"drawMode":0,"name":"Shaded","section":"Shading Mode"},"sceneLighting":false,"audioPlay":false,"sceneViewState":{"m_AlwaysRefresh":false,"showFog":true,"showSkybox":false,"showFlares":true,"showImageEffects":true,"showParticleSystems":true,"showVisualEffectGraphs":true,"m_FxEnabled":true},"in2DMode":false,"pivot":{"x":-2.4276609420776369,"y":4.301357269287109,"z":3.0092997550964357},"rotation":{"x":-0.0012787022860720754,"y":0.9525354504585266,"z":-0.30439886450767519,"w":-0.004002158995717764},"size":3.432743787765503,"orthographic":false}