{
    "name": "root",
    "gauges": {
        "RollerBall.Policy.Entropy.mean": {
            "value": 1.3578740358352661,
            "min": 1.3578740358352661,
            "max": 1.4196263551712036,
            "count": 30
        },
        "RollerBall.Policy.Entropy.sum": {
            "value": 13589.603515625,
            "min": 13570.6494140625,
            "max": 14324.392578125,
            "count": 30
        },
        "RollerBall.Environment.EpisodeLength.mean": {
            "value": 8.409219190968956,
            "min": 7.9838274932614555,
            "max": 21.82232346241458,
            "count": 30
        },
        "RollerBall.Environment.EpisodeLength.sum": {
            "value": 8939.0,
            "min": 8886.0,
            "max": 9580.0,
            "count": 30
        },
        "RollerBall.Step.mean": {
            "value": 299987.0,
            "min": 9996.0,
            "max": 299987.0,
            "count": 30
        },
        "RollerBall.Step.sum": {
            "value": 299987.0,
            "min": 9996.0,
            "max": 299987.0,
            "count": 30
        },
        "RollerBall.Policy.ExtrinsicValueEstimate.mean": {
            "value": 0.3784955143928528,
            "min": 0.011336520314216614,
            "max": 0.4292626678943634,
            "count": 30
        },
        "RollerBall.Policy.ExtrinsicValueEstimate.sum": {
            "value": 402.3407287597656,
            "min": 4.965395927429199,
            "max": 455.0184326171875,
            "count": 30
        },
        "RollerBall.Environment.CumulativeReward.mean": {
            "value": 0.3811853211916289,
            "min": -0.0022831077785252438,
            "max": 0.41501831266715195,
            "count": 30
        },
        "RollerBall.Environment.CumulativeReward.sum": {
            "value": 405.19999642670155,
            "min": -1.0000012069940567,
            "max": 453.4999973475933,
            "count": 30
        },
        "RollerBall.Policy.ExtrinsicReward.mean": {
            "value": 0.3811853211916289,
            "min": -0.0022831077785252438,
            "max": 0.41501831266715195,
            "count": 30
        },
        "RollerBall.Policy.ExtrinsicReward.sum": {
            "value": 405.19999642670155,
            "min": -1.0000012069940567,
            "max": 453.4999973475933,
            "count": 30
        },
        "RollerBall.Losses.PolicyLoss.mean": {
            "value": 0.04827475633161764,
            "min": 0.041459274222142996,
            "max": 0.0563628688803874,
            "count": 30
        },
        "RollerBall.Losses.PolicyLoss.sum": {
            "value": 0.19309902532647055,
            "min": 0.12719194958917798,
            "max": 0.2254514755215496,
            "count": 30
        },
        "RollerBall.Losses.ValueLoss.mean": {
            "value": 0.20340459123253823,
            "min": 0.03231888044780741,
            "max": 0.20340459123253823,
            "count": 30
        },
        "RollerBall.Losses.ValueLoss.sum": {
            "value": 0.8136183649301529,
            "min": 0.12927552179122964,
            "max": 0.8136183649301529,
            "count": 30
        },
        "RollerBall.Policy.LearningRate.mean": {
            "value": 5.719848093416668e-06,
            "min": 5.719848093416668e-06,
            "max": 0.00029484866838377775,
            "count": 30
        },
        "RollerBall.Policy.LearningRate.sum": {
            "value": 2.2879392373666672e-05,
            "min": 2.2879392373666672e-05,
            "max": 0.0011433630188789998,
            "count": 30
        },
        "RollerBall.Policy.Epsilon.mean": {
            "value": 0.10190658333333336,
            "min": 0.10190658333333336,
            "max": 0.19828288888888893,
            "count": 30
        },
        "RollerBall.Policy.Epsilon.sum": {
            "value": 0.4076263333333334,
            "min": 0.32498400000000005,
            "max": 0.7811210000000001,
            "count": 30
        },
        "RollerBall.Policy.Beta.mean": {
            "value": 0.00010513850833333336,
            "min": 0.00010513850833333336,
            "max": 0.004914316155555556,
            "count": 30
        },
        "RollerBall.Policy.Beta.sum": {
            "value": 0.00042055403333333345,
            "min": 0.00042055403333333345,
            "max": 0.0190579379,
            "count": 30
        },
        "RollerBall.IsTraining.mean": {
            "value": 1.0,
            "min": 1.0,
            "max": 1.0,
            "count": 30
        },
        "RollerBall.IsTraining.sum": {
            "value": 1.0,
            "min": 1.0,
            "max": 1.0,
            "count": 30
        }
    },
    "metadata": {
        "timer_format_version": "0.1.0",
        "start_time_seconds": "1684312803",
        "python_version": "3.9.12 (main, Apr  4 2022, 05:22:27) [MSC v.1916 64 bit (AMD64)]",
        "command_line_arguments": "C:\\Users\\Nigno17\\anaconda3\\envs\\pytorch\\Scripts\\mlagents-learn Configs/rollerball_config_visual_resnet.yaml --run-id=visual_obstacle_stack_resnet --force",
        "mlagents_version": "0.30.0",
        "mlagents_envs_version": "0.30.0",
        "communication_protocol_version": "1.5.0",
        "pytorch_version": "1.11.0",
        "numpy_version": "1.21.2",
        "end_time_seconds": "1684315301"
    },
    "total": 2497.9694339000002,
    "count": 1,
    "self": 0.006450300000324205,
    "children": {
        "run_training.setup": {
            "total": 0.09543100000000004,
            "count": 1,
            "self": 0.09543100000000004
        },
        "TrainerController.start_learning": {
            "total": 2497.8675525999997,
            "count": 1,
            "self": 1.5268302999970729,
            "children": {
                "TrainerController._reset_env": {
                    "total": 8.0781074,
                    "count": 1,
                    "self": 8.0781074
                },
                "TrainerController.advance": {
                    "total": 2487.8817543000023,
                    "count": 72197,
                    "self": 1.4001609999581888,
                    "children": {
                        "env_step": {
                            "total": 1686.6468477000246,
                            "count": 72197,
                            "self": 1381.5775243999963,
                            "children": {
                                "SubprocessEnvManager._take_step": {
                                    "total": 303.6862738000174,
                                    "count": 72197,
                                    "self": 3.1879681000422693,
                                    "children": {
                                        "TorchPolicy.evaluate": {
                                            "total": 300.4983056999751,
                                            "count": 50007,
                                            "self": 300.4983056999751
                                        }
                                    }
                                },
                                "workers": {
                                    "total": 1.3830495000110457,
                                    "count": 72197,
                                    "self": 0.0,
                                    "children": {
                                        "worker_root": {
                                            "total": 2483.97816330001,
                                            "count": 72197,
                                            "is_parallel": true,
                                            "self": 1283.4784286999966,
                                            "children": {
                                                "steps_from_proto": {
                                                    "total": 0.016066100000000638,
                                                    "count": 1,